小区编号,未来一天内小区平均用户的异常情况,未来一天内小区PDCP流量的异常情况,未来一天内小区平均激活用户数的异常情况
26019001.csv,0.9090909090909091,0.9090909090909091,0.9090909090909091
